{
  "extends": [
    "config:base"
  ],
  "commitMessage": "{{semanticPrefix}}Update {{depName}} to {{newVersion}} 🌟",
  "prTitle": "{{semanticPrefix}}{{#if isPin}}Pin{{else}}Update{{/if}} dependency {{depName}} to version {{#if isRange}}{{newVersion}}{{else}}{{#if isMajor}}{{newVersionMajor}}.x{{else}}{{newVersion}}{{/if}}{{/if}} 🌟",
  "automerge": false,
  "major": {
    "automerge": false
  },
  "minor": {
    "automerge": false
  },
  "labels": [
    "type: dependencies",
    "renovate"
  ],
  "masterIssue": true,
  "prConcurrentLimit": 3,
  "prHourlyLimit": 2,
  "timezone": "America/New_York",
  "schedule": [
    "every 3 months on the first day of the month"
  ]
}